"First name","Last name",Username,"Email address",Groups
Boglárka,Bakos,j84iez,boglarka.bakos@stud.uni-corvinus.hu,
"Antal Bálint",Balogh,m7wxj6,antal.balogh@stud.uni-corvinus.hu,
"Sára Kata",Balogh,c2uiuu,sara.balogh2@stud.uni-corvinus.hu,
"Boldizsár Péter",Bányai,dcbkhb,boldizsar.banyai@stud.uni-corvinus.hu,
Miklós,Barát,eocbav,miklos.barat@stud.uni-corvinus.hu,
Anna,Barkóczay,chfzgd,anna.barkoczay@stud.uni-corvinus.hu,
Bende,Bartus,r1e4bw,bende.bartus@stud.uni-corvinus.hu,
Ottó,Békefi,dmz1g1,otto.bekefi@stud.uni-corvinus.hu,
Bence,Bencsik,cgjjpn,bence.bencsik@stud.uni-corvinus.hu,
Gábor,Berta,oyr6ub,gabor.berta@stud.uni-corvinus.hu,
András,Bertók,ijg8s4,andras.bertok@stud.uni-corvinus.hu,
Botond,Besenyei,zxyuk9,botond.besenyei@stud.uni-corvinus.hu,
Dóra,Borbényi,s5pp98,dora.borbenyi@stud.uni-corvinus.hu,
Boglárka,Brinzik,g5uggc,boglarka.brinzik@stud.uni-corvinus.hu,
Réka,Burján,ouuqci,reka.burjan@stud.uni-corvinus.hu,
Marcell,Csécsényi,g0t857,marcell.csecsenyi@stud.uni-corvinus.hu,
"Ákos Zsombor",Czimre,ur13rq,akos.czimre@stud.uni-corvinus.hu,
"Ádám Sebestyén",Dányi,fsqxfx,adam.danyi@stud.uni-corvinus.hu,
"Alexandra Eszter",Déri,byxia9,alexandra.deri@stud.uni-corvinus.hu,
Eszter,Diviánszky,nq5pt2,eszter.divianszky@stud.uni-corvinus.hu,
Veronika,Dombi,xvgmgd,veronika.dombi@stud.uni-corvinus.hu,
Kornélia,Dömény,zcbitn,kornelia.domeny@stud.uni-corvinus.hu,
Csaba,Domján,cznufn,csaba.domjan@stud.uni-corvinus.hu,
"Illés Tivadar",Feczkó,xdsd4b,illes.feczko@stud.uni-corvinus.hu,
Botond,Fekszi,ssodax,botond.fekszi@stud.uni-corvinus.hu,
"Dávid Szilárd",Fitos,rgz33p,david.fitos@stud.uni-corvinus.hu,
"Eszter Eliza",Gáll,cyy6tu,eszter.gall@stud.uni-corvinus.hu,
Bernát,Gáspár,nmz1dj,bernat.gaspar@stud.uni-corvinus.hu,
Gergő,Gazdag,av4wbt,gergo.gazdag@stud.uni-corvinus.hu,
Laura,Goldfinger,jnqql0,laura.goldfinger@stud.uni-corvinus.hu,
Márk,Goneth,h9qrou,mark.goneth@stud.uni-corvinus.hu,
"Benedek Szilveszter",Hajdu,cime6p,benedek.hajdu@stud.uni-corvinus.hu,
Gergely,Harkányi,bmowg0,gergely.harkanyi@stud.uni-corvinus.hu,
Miksa,Horváth,ctcgjy,miksa.horvath@stud.uni-corvinus.hu,
Zsolt,Horváth,imw2z2,zsolt.horvath@stud.uni-corvinus.hu,
Gergő,Iliás,hubm02,gergo.ilias@stud.uni-corvinus.hu,
"Villő Júlia",Jánossy,sxlxgf,villo.janossy@stud.uni-corvinus.hu,
Levente,Kalmár,b0gr3h,levente.kalmar@stud.uni-corvinus.hu,
Kamilla,Kántor,ahib49,kamilla.kantor@stud.uni-corvinus.hu,
"Brúnó Benjámin",Kardos,ius0pl,bruno.kardos@stud.uni-corvinus.hu,
"Áron Péter",Kelemen,jkbhqv,aron.kelemen@stud.uni-corvinus.hu,
"Mira Blanka",Kiss,d1bet6,mira.kiss@stud.uni-corvinus.hu,
Ákos,Kovács,apmadc,akos.kovacs7@stud.uni-corvinus.hu,
Bálint,Kovács,lp64xk,balint.kovacs2@stud.uni-corvinus.hu,
"Bálint Imre",Kovács,k4t8nz,balint.kovacs3@stud.uni-corvinus.hu,
Nikoletta,Kovács,muexnl,nikoletta.kovacs@stud.uni-corvinus.hu,
Réka,Kovács,y5s27q,reka.kovacs5@stud.uni-corvinus.hu,
Bence,Kristóf,t036jh,bence.kristof@stud.uni-corvinus.hu,
Csaba,Krizbai,augbr7,csaba.krizbai@stud.uni-corvinus.hu,
Áron,Kukovecz,ksev72,aron.kukovecz@stud.uni-corvinus.hu,
Lívia,Laczkó,dsvty6,livia.laczko@stud.uni-corvinus.hu,
Patrik,Maer,mmm0nj,patrik.maer@stud.uni-corvinus.hu,
"András Attila",Marton,e02aax,andras.marton@stud.uni-corvinus.hu,
Dominik,Marton,f84y19,dominik.marton@stud.uni-corvinus.hu,
"Máté Zsolt",Maticska,mfufv4,mate.maticska@stud.uni-corvinus.hu,
"Benjámin Patrik",Mezei,b0c0ox,benjamin.mezei@stud.uni-corvinus.hu,
Márton,Mézes,f1cle1,marton.mezes@stud.uni-corvinus.hu,
Áron,Mikulás,sbtwr3,aron.mikulas@stud.uni-corvinus.hu,
Réka,Muntean,gfrygo,reka.muntean@stud.uni-corvinus.hu,
Barnabás,Nagy,m4d0vy,barnabas.nagy@stud.uni-corvinus.hu,
Norbert,Nagy,cddt81,norbert.nagy2@stud.uni-corvinus.hu,
"Péter Csongor",Nemes,ad4dnr,peter.nemes@stud.uni-corvinus.hu,
Richárd,Németh,obly0b,richard.nemeth@stud.uni-corvinus.hu,
"Duy Anh",Nguyen,jp4u38,duy.nguyen3@stud.uni-corvinus.hu,
"Bence Péter",Oláh,tg1hes,bence.olah@stud.uni-corvinus.hu,
Kristóf,Ott,z4k7qe,kristof.ott@stud.uni-corvinus.hu,
"Ádám István",Papp,exngok,adam.papp2@stud.uni-corvinus.hu,
Márk,Pásztor,bwn2iz,mark.pasztor@stud.uni-corvinus.hu,
Tamás,Pataki,ynpcu4,tamas.pataki@stud.uni-corvinus.hu,
Máté,Pintér,mvk7ay,mate.pinter@stud.uni-corvinus.hu,
Zorka,Pöltl,jm4erp,zorka.poltl@stud.uni-corvinus.hu,
Huba,Radácsi,c5ujsl,huba.radacsi@stud.uni-corvinus.hu,
Martin,Radics,axad1b,martin.radics@stud.uni-corvinus.hu,
Ernő,Rankasz,vxgitj,erno.rankasz@stud.uni-corvinus.hu,
Viktor,Rémai,l51fa5,viktor.remai@stud.uni-corvinus.hu,
Kristóf,Révai,is9orb,kristof.revai@stud.uni-corvinus.hu,
Richárd,Ritz,cad2gn,richard.ritz@stud.uni-corvinus.hu,
Petra,Rudolf,adk907,petra.rudolf@stud.uni-corvinus.hu,
"Péter Csaba",Sáray,xuwarv,peter.saray@stud.uni-corvinus.hu,
"Martina Kármen",Schmidt,kr81d3,martina.schmidt@stud.uni-corvinus.hu,
"Márton Béla",Schmitterer,gxf8kb,marton.schmitterer@stud.uni-corvinus.hu,
"Áron Zalán",Seregi,d3m4bc,aron.seregi@stud.uni-corvinus.hu,
Botond,Seres,fxhj1e,botond.seres@stud.uni-corvinus.hu,
"Náron Örs",Somogyi,anxbwq,naron.somogyi@stud.uni-corvinus.hu,
Marcell,Soós,hgw16p,marcell.soos@stud.uni-corvinus.hu,
Bálint,Szabácsik,fii4hq,balint.szabacsik@stud.uni-corvinus.hu,
Bálint,Szaller,gpyokm,balint.szaller@stud.uni-corvinus.hu,
Hunor,Szekeres,exjzzd,hunor.szekeres@stud.uni-corvinus.hu,
Szabolcs,Szilléry,vtzbu1,szabolcs.szillery@stud.uni-corvinus.hu,
"Viktória Mária",Szücsi,gtvmk5,viktoria.szucsi@stud.uni-corvinus.hu,
Tamás,Takács,fjjjjt,tamas.takacs2@stud.uni-corvinus.hu,
"Bence Patrik",Tari,d1xzcq,bence.tari@stud.uni-corvinus.hu,
Marcell,Tarpataki,mjepx5,marcell.tarpataki@stud.uni-corvinus.hu,
Veronika,Tisza,afesqw,veronika.tisza@stud.uni-corvinus.hu,
Dániel,Tóth,fs59sv,daniel.toth3@stud.uni-corvinus.hu,
"Máté Barnabás",Tóth,nj1jxt,mate.toth3@stud.uni-corvinus.hu,
"Szabolcs Gergely",Turán,e4xdho,szabolcs.turan@stud.uni-corvinus.hu,
Dániel,Ürmös,m0cgjm,daniel.urmos@stud.uni-corvinus.hu,
Vilmos,Vida,i5dv78,vilmos.vida@stud.uni-corvinus.hu,
"Vince András",Vidáts,g2pnlr,vince.vidats@stud.uni-corvinus.hu,
"Janka Júlia",Wehner,vsazh6,janka.wehner@stud.uni-corvinus.hu,
